name,group,order,family,species,,New_group,,
black-bellied whistling-duck,ducks,anseriformes,anatidae,dendrocygna autumnalis,,whistling & diving ducks,,
fulvous whistling-duck,ducks,anseriformes,anatidae,dendrocygna bicolor,,whistling & diving ducks,,
emperor goose,geese,anseriformes,anatidae,anser canagicus,,geese & swans,,
snow goose,geese,anseriformes,anatidae,anser caerulescens,,geese & swans,,
ross's goose,geese,anseriformes,anatidae,anser rossii,,geese & swans,,
greater white-fronted goose,geese,anseriformes,anatidae,anser albifrons,,geese & swans,,
brant,geese,anseriformes,anatidae,branta bernicla,,geese & swans,,
cackling goose,geese,anseriformes,anatidae,branta hutchinsii,,geese & swans,,
canada goose,geese,anseriformes,anatidae,branta canadensis,,geese & swans,,
mute swan,swans,anseriformes,anatidae,cygnus olor,,geese & swans,,
trumpeter swan,swans,anseriformes,anatidae,cygnus buccinator,,geese & swans,,
tundra swan,swans,anseriformes,anatidae,cygnus columbianus,,geese & swans,,
muscovy duck,ducks,anseriformes,anatidae,cairina moschata,,dabbling ducks,,
wood duck,ducks,anseriformes,anatidae,aix sponsa,,dabbling ducks,,
blue-winged teal,ducks,anseriformes,anatidae,spatula discors,,dabbling ducks,,
cinnamon teal,ducks,anseriformes,anatidae,spatula cyanoptera,,dabbling ducks,,
northern shoveler,ducks,anseriformes,anatidae,spatula clypeata,,dabbling ducks,,
gadwall,ducks,anseriformes,anatidae,mareca strepera,,dabbling ducks,,
eurasian wigeon,ducks,anseriformes,anatidae,mareca penelope,,dabbling ducks,,
american wigeon,ducks,anseriformes,anatidae,mareca americana,,dabbling ducks,,
mallard,ducks,anseriformes,anatidae,anas platyrhynchos,,dabbling ducks,,
american black duck,ducks,anseriformes,anatidae,anas rubripes,,dabbling ducks,,
mottled duck,ducks,anseriformes,anatidae,anas fulvigula,,dabbling ducks,,
northern pintail,ducks,anseriformes,anatidae,anas acuta,,dabbling ducks,,
green-winged teal,ducks,anseriformes,anatidae,anas crecca,,dabbling ducks,,
canvasback,ducks,anseriformes,anatidae,aythya valisineria,,whistling & diving ducks,,
redhead,ducks,anseriformes,anatidae,aythya americana,,whistling & diving ducks,,
ring-necked duck,ducks,anseriformes,anatidae,aythya collaris,,whistling & diving ducks,,
greater scaup,ducks,anseriformes,anatidae,aythya marila,,whistling & diving ducks,,
lesser scaup,ducks,anseriformes,anatidae,aythya affinis,,whistling & diving ducks,,
steller's eider,ducks,anseriformes,anatidae,polysticta stelleri,,sea ducks,,
king eider,ducks,anseriformes,anatidae,somateria spectabilis,,sea ducks,,
common eider,ducks,anseriformes,anatidae,somateria mollissima,,sea ducks,,
harlequin duck,ducks,anseriformes,anatidae,histrionicus histrionicus,,sea ducks,,
surf scoter,ducks,anseriformes,anatidae,melanitta perspicillata,,sea ducks,,
white-winged scoter,ducks,anseriformes,anatidae,melanitta fusca,,sea ducks,,
black scoter,ducks,anseriformes,anatidae,melanitta americana,,sea ducks,,
long-tailed duck,ducks,anseriformes,anatidae,clangula hyemalis,,sea ducks,,
bufflehead,ducks,anseriformes,anatidae,bucephala albeola,,sea ducks,,
common goldeneye,ducks,anseriformes,anatidae,bucephala clangula,,sea ducks,,
barrow's goldeneye,ducks,anseriformes,anatidae,bucephala islandica,,sea ducks,,
hooded merganser,ducks,anseriformes,anatidae,lophodytes cucullatus,,sea ducks,,
common merganser,ducks,anseriformes,anatidae,mergus merganser,,sea ducks,,
red-breasted merganser,ducks,anseriformes,anatidae,mergus serrator,,sea ducks,,
ruddy duck,ducks,anseriformes,anatidae,oxyura jamaicensis,,dabbling ducks,,
plain chachalaca,game birds,galliformes,cracidae,ortalis vetula,,other game birds,,
mountain quail,game birds,galliformes,odontophoridae,oreortyx pictus,,other game birds,,
northern bobwhite,game birds,galliformes,odontophoridae,colinus virginianus,,other game birds,,
scaled quail,game birds,galliformes,odontophoridae,callipepla squamata,,other game birds,,
california quail,game birds,galliformes,odontophoridae,callipepla californica,,other game birds,,
gambel's quail,game birds,galliformes,odontophoridae,callipepla gambelii,,other game birds,,
montezuma quail,game birds,galliformes,odontophoridae,cyrtonyx montezumae,,other game birds,,
chukar,game birds,galliformes,phasianidae,alectoris chukar,,grouse & pheasants,,
ring-necked pheasant,game birds,galliformes,phasianidae,phasianus colchicus,,grouse & pheasants,,
gray partridge,game birds,galliformes,phasianidae,perdix perdix,,grouse & pheasants,,
ruffed grouse,game birds,galliformes,phasianidae,bonasa umbellus,,grouse & pheasants,,
greater sage-grouse,game birds,galliformes,phasianidae,centrocercus urophasianus,,grouse & pheasants,,
gunnison sage-grouse,game birds,galliformes,phasianidae,centrocercus minimus,,grouse & pheasants,,
spruce grouse,game birds,galliformes,phasianidae,falcipennis canadensis,,grouse & pheasants,,
willow ptarmigan,game birds,galliformes,phasianidae,lagopus lagopus,,grouse & pheasants,,
rock ptarmigan,game birds,galliformes,phasianidae,lagopus muta,,grouse & pheasants,,
white-tailed ptarmigan,game birds,galliformes,phasianidae,lagopus leucura,,grouse & pheasants,,
dusky grouse,game birds,galliformes,phasianidae,dendragapus obscurus,,grouse & pheasants,,
sooty grouse,game birds,galliformes,phasianidae,dendragapus fuliginosus,,grouse & pheasants,,
sharp-tailed grouse,game birds,galliformes,phasianidae,tympanuchus phasianellus,,grouse & pheasants,,
greater prairie-chicken,game birds,galliformes,phasianidae,tympanuchus cupido,,grouse & pheasants,,
lesser prairie-chicken,game birds,galliformes,phasianidae,tympanuchus pallidicinctus,,grouse & pheasants,,
wild turkey,game birds,galliformes,phasianidae,meleagris gallopavo,,grouse & pheasants,,
red-throated loon,loons,gaviiformes,gaviidae,gavia stellata,,loons,,
pacific loon,loons,gaviiformes,gaviidae,gavia pacifica,,loons,,
common loon,loons,gaviiformes,gaviidae,gavia immer,,loons,,
least grebe,grebes,podicipediformes,podicipedidae,tachybaptus dominicus,,grebes,,
pied-billed grebe,grebes,podicipediformes,podicipedidae,podilymbus podiceps,,grebes,,
horned grebe,grebes,podicipediformes,podicipedidae,podiceps auritus,,grebes,,
red-necked grebe,grebes,podicipediformes,podicipedidae,podiceps grisegena,,grebes,,
eared grebe,grebes,podicipediformes,podicipedidae,podiceps nigricollis,,grebes,,
western grebe,grebes,podicipediformes,podicipedidae,aechmophorus occidentalis,,grebes,,
clark's grebe,grebes,podicipediformes,podicipedidae,aechmophorus clarkii,,grebes,,
laysan albatross,seabirds,procellariiformes,diomedeidae,phoebastria immutabilis,,seabirds,,
black-footed albatross,seabirds,procellariiformes,diomedeidae,phoebastria nigripes,,seabirds,,
northern fulmar,seabirds,procellariiformes,procellariidae,fulmarus glacialis,,seabirds,,
fork-tailed storm-petrel,seabirds,procellariiformes,hydrobatidae,oceanodroma furcata,,seabirds,,
wood stork,storks,ciconiiformes,ciconiidae,mycteria americana,,storks,,
magnificent frigatebird,seabirds,suliformes,fregatidae,fregata magnificens,,seabirds,,
masked booby,seabirds,suliformes,sulidae,sula dactylatra,,seabirds,,
blue-footed booby,seabirds,suliformes,sulidae,sula nebouxii,,seabirds,,
brown booby,seabirds,suliformes,sulidae,sula leucogaster,,seabirds,,
red-footed booby,seabirds,suliformes,sulidae,sula sula,,seabirds,,
northern gannet,seabirds,suliformes,sulidae,morus bassanus,,seabirds,,
brandt's cormorant,cormorants,suliformes,phalacrocoracidae,phalacrocorax penicillatus,,cormorants,,
pelagic cormorant,cormorants,suliformes,phalacrocoracidae,phalacrocorax pelagicus,,cormorants,,
great cormorant,cormorants,suliformes,phalacrocoracidae,phalacrocorax carbo,,cormorants,,
neotropic cormorant,cormorants,suliformes,phalacrocoracidae,phalacrocorax brasilianus,,cormorants,,
double-crested cormorant,cormorants,suliformes,phalacrocoracidae,phalacrocorax auritus,,cormorants,,
anhinga,anhingas,suliformes,anhingidae,anhinga anhinga,,anhingas,,
american white pelican,pelicans,pelecaniformes,pelecanidae,pelecanus erythrorhynchos,,pelicans,,
brown pelican,pelicans,pelecaniformes,pelecanidae,pelecanus occidentalis,,pelicans,,
american bittern,herons,pelecaniformes,ardeidae,botaurus lentiginosus,,pelicans,,
least bittern,herons,pelecaniformes,ardeidae,ixobrychus exilis,,pelicans,,
great blue heron,herons,pelecaniformes,ardeidae,ardea herodias,,pelicans,,
great egret,herons,pelecaniformes,ardeidae,ardea alba,,pelicans,,
snowy egret,herons,pelecaniformes,ardeidae,egretta thula,,pelicans,,
little blue heron,herons,pelecaniformes,ardeidae,egretta caerulea,,pelicans,,
tricolored heron,herons,pelecaniformes,ardeidae,egretta tricolor,,pelicans,,
reddish egret,herons,pelecaniformes,ardeidae,egretta rufescens,,pelicans,,
cattle egret,herons,pelecaniformes,ardeidae,bubulcus ibis,,pelicans,,other waders
green heron,herons,pelecaniformes,ardeidae,butorides virescens,,pelicans,,
black-crowned night-heron,herons,pelecaniformes,ardeidae,nycticorax nycticorax,,pelicans,,
yellow-crowned night-heron,herons,pelecaniformes,ardeidae,nyctanassa violacea,,pelicans,,
white ibis,ibis,pelecaniformes,threskiornithidae,eudocimus albus,,pelicans,,
glossy ibis,ibis,pelecaniformes,threskiornithidae,plegadis falcinellus,,pelicans,,
white-faced ibis,ibis,pelecaniformes,threskiornithidae,plegadis chihi,,pelicans,,
roseate spoonbill,spoonbills,pelecaniformes,threskiornithidae,platalea ajaja,,pelicans,,
black vulture,vultures,cathartiformes,cathartidae,coragyps atratus,,birds of prey,,
turkey vulture,vultures,cathartiformes,cathartidae,cathartes aura,,birds of prey,,
california condor,vultures,cathartiformes,cathartidae,gymnogyps californianus,,birds of prey,,
osprey,osprey,accipitriformes,pandionidae,pandion haliaetus,,birds of prey,,
white-tailed kite,kites,accipitriformes,accipitridae,elanus leucurus,,birds of prey,,
swallow-tailed kite,kites,accipitriformes,accipitridae,elanoides forficatus,,birds of prey,,
golden eagle,eagles,accipitriformes,accipitridae,aquila chrysaetos,,birds of prey,,
snail kite,kites,accipitriformes,accipitridae,rostrhamus sociabilis,,birds of prey,,
mississippi kite,kites,accipitriformes,accipitridae,ictinia mississippiensis,,birds of prey,,
northern harrier,harriers,accipitriformes,accipitridae,circus hudsonius,,birds of prey,,
sharp-shinned hawk,accipiters,accipitriformes,accipitridae,accipiter striatus,,birds of prey,,
cooper's hawk,accipiters,accipitriformes,accipitridae,accipiter cooperii,,birds of prey,,
northern goshawk,accipiters,accipitriformes,accipitridae,accipiter gentilis,,birds of prey,,
bald eagle,eagles,accipitriformes,accipitridae,haliaeetus leucocephalus,,birds of prey,,
harris's hawk,hawks,accipitriformes,accipitridae,parabuteo unicinctus,,hawks,,
white-tailed hawk,hawks,accipitriformes,accipitridae,geranoaetus albicaudatus,,hawks,,
gray hawk,hawks,accipitriformes,accipitridae,buteo plagiatus,,hawks,,
red-shouldered hawk,hawks,accipitriformes,accipitridae,buteo lineatus,,hawks,,
broad-winged hawk,hawks,accipitriformes,accipitridae,buteo platypterus,,hawks,,
swainson's hawk,hawks,accipitriformes,accipitridae,buteo swainsoni,,hawks,,
zone-tailed hawk,hawks,accipitriformes,accipitridae,buteo albonotatus,,hawks,,
red-tailed hawk,hawks,accipitriformes,accipitridae,buteo jamaicensis,,hawks,,
rough-legged hawk,hawks,accipitriformes,accipitridae,buteo lagopus,,hawks,,
ferruginous hawk,hawks,accipitriformes,accipitridae,buteo regalis,,hawks,,
yellow rail,rails,gruiformes,rallidae,coturnicops noveboracensis,,crane-like birds,,
black rail,rails,gruiformes,rallidae,laterallus jamaicensis,,crane-like birds,,
ridgway's rail,rails,gruiformes,rallidae,rallus obsoletus,,crane-like birds,,
king rail,rails,gruiformes,rallidae,rallus elegans,,crane-like birds,,
clapper rail,rails,gruiformes,rallidae,rallus crepitans,,crane-like birds,,
virginia rail,rails,gruiformes,rallidae,rallus limicola,,crane-like birds,,
sora,rails,gruiformes,rallidae,porzana carolina,,crane-like birds,,
purple gallinule,rails,gruiformes,rallidae,porphyrio martinica,,crane-like birds,,
common gallinule,rails,gruiformes,rallidae,gallinula galeata,,crane-like birds,,
american coot,rails,gruiformes,rallidae,fulica americana,,crane-like birds,,
limpkin,limpkins,gruiformes,aramidae,aramus guarauna,,crane-like birds,,
sandhill crane,cranes,gruiformes,gruidae,antigone canadensis,,crane-like birds,,
whooping crane,cranes,gruiformes,gruidae,grus americana,,crane-like birds,,
black-necked stilt,shorebirds,charadriiformes,recurvirostridae,himantopus mexicanus,,shorebirds,,
american avocet,shorebirds,charadriiformes,recurvirostridae,recurvirostra americana,,shorebirds,,
american oystercatcher,shorebirds,charadriiformes,haematopodidae,haematopus palliatus,,shorebirds,,
black oystercatcher,shorebirds,charadriiformes,haematopodidae,haematopus bachmani,,shorebirds,,
black-bellied plover,plovers,charadriiformes,charadriidae,pluvialis squatarola,,plovers,,
american golden-plover,plovers,charadriiformes,charadriidae,pluvialis dominica,,plovers,,
pacific golden-plover,plovers,charadriiformes,charadriidae,pluvialis fulva,,plovers,,
snowy plover,plovers,charadriiformes,charadriidae,charadrius nivosus,,plovers,,
wilson's plover,plovers,charadriiformes,charadriidae,charadrius wilsonia,,plovers,,
semipalmated plover,plovers,charadriiformes,charadriidae,charadrius semipalmatus,,plovers,,
piping plover,plovers,charadriiformes,charadriidae,charadrius melodus,,plovers,,
killdeer,plovers,charadriiformes,charadriidae,charadrius vociferus,,plovers,,
mountain plover,plovers,charadriiformes,charadriidae,charadrius montanus,,plovers,,
upland sandpiper,shorebirds,charadriiformes,scolopacidae,bartramia longicauda,,shorebirds,,
whimbrel,shorebirds,charadriiformes,scolopacidae,numenius phaeopus,,shorebirds,,
long-billed curlew,shorebirds,charadriiformes,scolopacidae,numenius americanus,,shorebirds,,
hudsonian godwit,shorebirds,charadriiformes,scolopacidae,limosa haemastica,,shorebirds,,
marbled godwit,shorebirds,charadriiformes,scolopacidae,limosa fedoa,,shorebirds,,
ruddy turnstone,shorebirds,charadriiformes,scolopacidae,arenaria interpres,,shorebirds,,
black turnstone,shorebirds,charadriiformes,scolopacidae,arenaria melanocephala,,shorebirds,,
red knot,sandpipers,charadriiformes,scolopacidae,calidris canutus,,sandpipers,,
surfbird,sandpipers,charadriiformes,scolopacidae,calidris virgata,,sandpipers,,
stilt sandpiper,sandpipers,charadriiformes,scolopacidae,calidris himantopus,,sandpipers,,
sanderling,sandpipers,charadriiformes,scolopacidae,calidris alba,,sandpipers,,
dunlin,sandpipers,charadriiformes,scolopacidae,calidris alpina,,sandpipers,,
rock sandpiper,sandpipers,charadriiformes,scolopacidae,calidris ptilocnemis,,sandpipers,,
purple sandpiper,sandpipers,charadriiformes,scolopacidae,calidris maritima,,sandpipers,,
baird's sandpiper,sandpipers,charadriiformes,scolopacidae,calidris bairdii,,sandpipers,,
least sandpiper,sandpipers,charadriiformes,scolopacidae,calidris minutilla,,sandpipers,,
white-rumped sandpiper,sandpipers,charadriiformes,scolopacidae,calidris fuscicollis,,sandpipers,,
buff-breasted sandpiper,sandpipers,charadriiformes,scolopacidae,calidris subruficollis,,sandpipers,,
pectoral sandpiper,sandpipers,charadriiformes,scolopacidae,calidris melanotos,,sandpipers,,
semipalmated sandpiper,sandpipers,charadriiformes,scolopacidae,calidris pusilla,,sandpipers,,
western sandpiper,sandpipers,charadriiformes,scolopacidae,calidris mauri,,sandpipers,,
short-billed dowitcher,sandpipers,charadriiformes,scolopacidae,limnodromus griseus,,sandpipers,,
long-billed dowitcher,sandpipers,charadriiformes,scolopacidae,limnodromus scolopaceus,,sandpipers,,
american woodcock,shorebirds,charadriiformes,scolopacidae,scolopax minor,,shorebirds,,
wilson's snipe,shorebirds,charadriiformes,scolopacidae,gallinago delicata,,shorebirds,,
wilson's phalarope,shorebirds,charadriiformes,scolopacidae,phalaropus tricolor,,shorebirds,,
spotted sandpiper,sandpipers,charadriiformes,scolopacidae,actitis macularius,,sandpipers,,
solitary sandpiper,sandpipers,charadriiformes,scolopacidae,tringa solitaria,,sandpipers,,
wandering tattler,shorebirds,charadriiformes,scolopacidae,tringa incana,,shorebirds,,
greater yellowlegs,sandpipers,charadriiformes,scolopacidae,tringa melanoleuca,,sandpipers,,
willet,sandpipers,charadriiformes,scolopacidae,tringa semipalmata,,sandpipers,,
lesser yellowlegs,sandpipers,charadriiformes,scolopacidae,tringa flavipes,,sandpipers,,
dovekie,auks,charadriiformes,alcidae,alle alle,,auks,,
common murre,auks,charadriiformes,alcidae,uria aalge,,auks,,
thick-billed murre,auks,charadriiformes,alcidae,uria lomvia,,auks,,
razorbill,auks,charadriiformes,alcidae,alca torda,,auks,,
black guillemot,auks,charadriiformes,alcidae,cepphus grylle,,auks,,
pigeon guillemot,auks,charadriiformes,alcidae,cepphus columba,,auks,,
marbled murrelet,auks,charadriiformes,alcidae,brachyramphus marmoratus,,auks,,
ancient murrelet,auks,charadriiformes,alcidae,synthliboramphus antiquus,,auks,,
cassin's auklet,auks,charadriiformes,alcidae,ptychoramphus aleuticus,,auks,,
parakeet auklet,auks,charadriiformes,alcidae,aethia psittacula,,auks,,
rhinoceros auklet,auks,charadriiformes,alcidae,cerorhinca monocerata,,auks,,
atlantic puffin,auks,charadriiformes,alcidae,fratercula arctica,,auks,,
horned puffin,auks,charadriiformes,alcidae,fratercula corniculata,,auks,,
tufted puffin,auks,charadriiformes,alcidae,fratercula cirrhata,,auks,,
black-legged kittiwake,gulls,charadriiformes,laridae,rissa tridactyla,,gulls,,
ivory gull,gulls,charadriiformes,laridae,pagophila eburnea,,gulls,,
sabine's gull,gulls,charadriiformes,laridae,xema sabini,,gulls,,
bonaparte's gull,gulls,charadriiformes,laridae,chroicocephalus philadelphia,,gulls,,
black-headed gull,gulls,charadriiformes,laridae,chroicocephalus ridibundus,,gulls,,
little gull,gulls,charadriiformes,laridae,hydrocoloeus minutus,,gulls,,
ross's gull,gulls,charadriiformes,laridae,rhodostethia rosea,,gulls,,
laughing gull,gulls,charadriiformes,laridae,leucophaeus atricilla,,gulls,,
franklin's gull,gulls,charadriiformes,laridae,leucophaeus pipixcan,,gulls,,
heermann's gull,gulls,charadriiformes,laridae,larus heermanni,,gulls,,
mew gull,gulls,charadriiformes,laridae,larus canus,,gulls,,
ring-billed gull,gulls,charadriiformes,laridae,larus delawarensis,,gulls,,
western gull,gulls,charadriiformes,laridae,larus occidentalis,,gulls,,
california gull,gulls,charadriiformes,laridae,larus californicus,,gulls,,
herring gull,gulls,charadriiformes,laridae,larus argentatus,,gulls,,
iceland gull,gulls,charadriiformes,laridae,larus glaucoides,,gulls,,
lesser black-backed gull,gulls,charadriiformes,laridae,larus fuscus,,gulls,,
glaucous-winged gull,gulls,charadriiformes,laridae,larus glaucescens,,gulls,,
glaucous gull,gulls,charadriiformes,laridae,larus hyperboreus,,gulls,,
great black-backed gull,gulls,charadriiformes,laridae,larus marinus,,gulls,,
least tern,terns,charadriiformes,laridae,sternula antillarum,,terns,,
gull-billed tern,terns,charadriiformes,laridae,gelochelidon nilotica,,terns,,
caspian tern,terns,charadriiformes,laridae,hydroprogne caspia,,terns,,
black tern,terns,charadriiformes,laridae,chlidonias niger,,terns,,
roseate tern,terns,charadriiformes,laridae,sterna dougallii,,terns,,
common tern,terns,charadriiformes,laridae,sterna hirundo,,terns,,
arctic tern,terns,charadriiformes,laridae,sterna paradisaea,,terns,,
forster's tern,terns,charadriiformes,laridae,sterna forsteri,,terns,,
royal tern,terns,charadriiformes,laridae,thalasseus maximus,,terns,,
sandwich tern,terns,charadriiformes,laridae,thalasseus sandvicensis,,terns,,
elegant tern,terns,charadriiformes,laridae,thalasseus elegans,,terns,,
black skimmer,skimmers,charadriiformes,laridae,rynchops niger,,skimmers,,
rock pigeon,pigeons,columbiformes,columbidae,columba livia,,pigeons & doves,,
white-crowned pigeon,pigeons,columbiformes,columbidae,patagioenas leucocephala,,pigeons & doves,,
band-tailed pigeon,pigeons,columbiformes,columbidae,patagioenas fasciata,,pigeons & doves,,
eurasian collared-dove,doves,columbiformes,columbidae,streptopelia decaocto,,pigeons & doves,,
african collared-dove,doves,columbiformes,columbidae,streptopelia roseogrisea,,pigeons & doves,,
inca dove,doves,columbiformes,columbidae,columbina inca,,pigeons & doves,,
common ground-dove,doves,columbiformes,columbidae,columbina passerina,,pigeons & doves,,
white-tipped dove,doves,columbiformes,columbidae,leptotila verreauxi,,pigeons & doves,,
white-winged dove,doves,columbiformes,columbidae,zenaida asiatica,,pigeons & doves,,
mourning dove,doves,columbiformes,columbidae,zenaida macroura,,pigeons & doves,,
smooth-billed ani,cuckoos,cuculiformes,cuculidae,crotophaga ani,,cuckoos,,
groove-billed ani,cuckoos,cuculiformes,cuculidae,crotophaga sulcirostris,,cuckoos,,
greater roadrunner,cuckoos,cuculiformes,cuculidae,geococcyx californianus,,cuckoos,,
yellow-billed cuckoo,cuckoos,cuculiformes,cuculidae,coccyzus americanus,,cuckoos,,
mangrove cuckoo,cuckoos,cuculiformes,cuculidae,coccyzus minor,,cuckoos,,
black-billed cuckoo,cuckoos,cuculiformes,cuculidae,coccyzus erythropthalmus,,cuckoos,,
barn owl,owls,strigiformes,tytonidae,tyto alba,,owls,,
flammulated owl,owls,strigiformes,strigidae,psiloscops flammeolus,,owls,,
western screech-owl,owls,strigiformes,strigidae,megascops kennicottii,,owls,,
eastern screech-owl,owls,strigiformes,strigidae,megascops asio,,owls,,
great horned owl,owls,strigiformes,strigidae,bubo virginianus,,owls,,
snowy owl,owls,strigiformes,strigidae,bubo scandiacus,,owls,,
northern hawk owl,owls,strigiformes,strigidae,surnia ulula,,owls,,
northern pygmy-owl,owls,strigiformes,strigidae,glaucidium gnoma,,owls,,
burrowing owl,owls,strigiformes,strigidae,athene cunicularia,,owls,,
spotted owl,owls,strigiformes,strigidae,strix occidentalis,,owls,,
barred owl,owls,strigiformes,strigidae,strix varia,,owls,,
great gray owl,owls,strigiformes,strigidae,strix nebulosa,,owls,,
long-eared owl,owls,strigiformes,strigidae,asio otus,,owls,,
short-eared owl,owls,strigiformes,strigidae,asio flammeus,,owls,,
boreal owl,owls,strigiformes,strigidae,aegolius funereus,,owls,,
northern saw-whet owl,owls,strigiformes,strigidae,aegolius acadicus,,owls,,
lesser nighthawk,nightjars,caprimulgiformes,caprimulgidae,chordeiles acutipennis,,nightjars,,
common nighthawk,nightjars,caprimulgiformes,caprimulgidae,chordeiles minor,,nightjars,,
common pauraque,nightjars,caprimulgiformes,caprimulgidae,nyctidromus albicollis,,nightjars,,
common poorwill,nightjars,caprimulgiformes,caprimulgidae,phalaenoptilus nuttallii,,nightjars,,
chuck-will's-widow,nightjars,caprimulgiformes,caprimulgidae,antrostomus carolinensis,,nightjars,,
eastern whip-poor-will,nightjars,caprimulgiformes,caprimulgidae,antrostomus vociferus,,nightjars,,
chimney swift,swifts,caprimulgiformes,apodidae,chaetura pelagica,,swifts & swallows,,
vaux's swift,swifts,caprimulgiformes,apodidae,chaetura vauxi,,swifts & swallows,,
white-throated swift,swifts,caprimulgiformes,apodidae,aeronautes saxatalis,,swifts & swallows,,
rivoli's hummingbird,hummingbirds,caprimulgiformes,trochilidae,eugenes fulgens,,hummingbirds,,
blue-throated hummingbird,hummingbirds,caprimulgiformes,trochilidae,lampornis clemenciae,,hummingbirds,,
lucifer hummingbird,hummingbirds,caprimulgiformes,trochilidae,calothorax lucifer,,hummingbirds,,
ruby-throated hummingbird,hummingbirds,caprimulgiformes,trochilidae,archilochus colubris,,hummingbirds,,
black-chinned hummingbird,hummingbirds,caprimulgiformes,trochilidae,archilochus alexandri,,hummingbirds,,
anna's hummingbird,hummingbirds,caprimulgiformes,trochilidae,calypte anna,,hummingbirds,,
costa's hummingbird,hummingbirds,caprimulgiformes,trochilidae,calypte costae,,hummingbirds,,
broad-tailed hummingbird,hummingbirds,caprimulgiformes,trochilidae,selasphorus platycercus,,hummingbirds,,
rufous hummingbird,hummingbirds,caprimulgiformes,trochilidae,selasphorus rufus,,hummingbirds,,
allen's hummingbird,hummingbirds,caprimulgiformes,trochilidae,selasphorus sasin,,hummingbirds,,
calliope hummingbird,hummingbirds,caprimulgiformes,trochilidae,selasphorus calliope,,hummingbirds,,
broad-billed hummingbird,hummingbirds,caprimulgiformes,trochilidae,cynanthus latirostris,,hummingbirds,,
buff-bellied hummingbird,hummingbirds,caprimulgiformes,trochilidae,amazilia yucatanensis,,hummingbirds,,
elegant trogon,trogons,trogoniformes,trogonidae,trogon elegans,,trogons,,
belted kingfisher,kingfishers,coraciiformes,alcedinidae,megaceryle alcyon,,kingfishers,,
lewis's woodpecker,woodpeckers,piciformes,picidae,melanerpes lewis,,woodpeckers,,
red-headed woodpecker,woodpeckers,piciformes,picidae,melanerpes erythrocephalus,,woodpeckers,,
acorn woodpecker,woodpeckers,piciformes,picidae,melanerpes formicivorus,,woodpeckers,,
gila woodpecker,woodpeckers,piciformes,picidae,melanerpes uropygialis,,woodpeckers,,
golden-fronted woodpecker,woodpeckers,piciformes,picidae,melanerpes aurifrons,,woodpeckers,,
red-bellied woodpecker,woodpeckers,piciformes,picidae,melanerpes carolinus,,woodpeckers,,
williamson's sapsucker,woodpeckers,piciformes,picidae,sphyrapicus thyroideus,,woodpeckers,,
yellow-bellied sapsucker,woodpeckers,piciformes,picidae,sphyrapicus varius,,woodpeckers,,
red-naped sapsucker,woodpeckers,piciformes,picidae,sphyrapicus nuchalis,,woodpeckers,,
red-breasted sapsucker,woodpeckers,piciformes,picidae,sphyrapicus ruber,,woodpeckers,,
ladder-backed woodpecker,woodpeckers,piciformes,picidae,picoides scalaris,,woodpeckers,,
nuttall's woodpecker,woodpeckers,piciformes,picidae,picoides nuttallii,,woodpeckers,,
downy woodpecker,woodpeckers,piciformes,picidae,picoides pubescens,,woodpeckers,,
hairy woodpecker,woodpeckers,piciformes,picidae,picoides villosus,,woodpeckers,,
arizona woodpecker,woodpeckers,piciformes,picidae,picoides arizonae,,woodpeckers,,
red-cockaded woodpecker,woodpeckers,piciformes,picidae,picoides borealis,,woodpeckers,,
white-headed woodpecker,woodpeckers,piciformes,picidae,picoides albolarvatus,,woodpeckers,,
american three-toed woodpecker,woodpeckers,piciformes,picidae,picoides dorsalis,,woodpeckers,,
black-backed woodpecker,woodpeckers,piciformes,picidae,picoides arcticus,,woodpeckers,,
northern flicker,woodpeckers,piciformes,picidae,colaptes auratus,,woodpeckers,,
gilded flicker,woodpeckers,piciformes,picidae,colaptes chrysoides,,woodpeckers,,
pileated woodpecker,woodpeckers,piciformes,picidae,dryocopus pileatus,,woodpeckers,,
ivory-billed woodpecker,woodpeckers,piciformes,picidae,campephilus principalis,,woodpeckers,,
crested caracara,caracaras,falconiformes,falconidae,caracara cheriway,,caracaras,,
american kestrel,falcons,falconiformes,falconidae,falco sparverius,,falcons,,
merlin,falcons,falconiformes,falconidae,falco columbarius,,falcons,,
gyrfalcon,falcons,falconiformes,falconidae,falco rusticolus,,falcons,,
peregrine falcon,falcons,falconiformes,falconidae,falco peregrinus,,falcons,,
prairie falcon,falcons,falconiformes,falconidae,falco mexicanus,,falcons,,
monk parakeet,parrots,psittaciformes,psittacidae,myiopsitta monachus,,parrots,,
olive-sided flycatcher,flycatchers,passeriformes,tyrannidae,contopus cooperi,,flycatchers,,
greater pewee,flycatchers,passeriformes,tyrannidae,contopus pertinax,,flycatchers,,
western wood-pewee,flycatchers,passeriformes,tyrannidae,contopus sordidulus,,flycatchers,,
eastern wood-pewee,flycatchers,passeriformes,tyrannidae,contopus virens,,flycatchers,,
yellow-bellied flycatcher,flycatchers,passeriformes,tyrannidae,empidonax flaviventris,,flycatchers,,
acadian flycatcher,flycatchers,passeriformes,tyrannidae,empidonax virescens,,flycatchers,,
alder flycatcher,flycatchers,passeriformes,tyrannidae,empidonax alnorum,,flycatchers,,
willow flycatcher,flycatchers,passeriformes,tyrannidae,empidonax traillii,,flycatchers,,
least flycatcher,flycatchers,passeriformes,tyrannidae,empidonax minimus,,flycatchers,,
hammond's flycatcher,flycatchers,passeriformes,tyrannidae,empidonax hammondii,,flycatchers,,
gray flycatcher,flycatchers,passeriformes,tyrannidae,empidonax wrightii,,flycatchers,,
dusky flycatcher,flycatchers,passeriformes,tyrannidae,empidonax oberholseri,,flycatchers,,
pacific-slope flycatcher,flycatchers,passeriformes,tyrannidae,empidonax difficilis,,flycatchers,,
cordilleran flycatcher,flycatchers,passeriformes,tyrannidae,empidonax occidentalis,,flycatchers,,
buff-breasted flycatcher,flycatchers,passeriformes,tyrannidae,empidonax fulvifrons,,flycatchers,,
black phoebe,flycatchers,passeriformes,tyrannidae,sayornis nigricans,,flycatchers,,
eastern phoebe,flycatchers,passeriformes,tyrannidae,sayornis phoebe,,flycatchers,,
say's phoebe,flycatchers,passeriformes,tyrannidae,sayornis saya,,flycatchers,,
vermilion flycatcher,flycatchers,passeriformes,tyrannidae,pyrocephalus rubinus,,flycatchers,,
ash-throated flycatcher,flycatchers,passeriformes,tyrannidae,myiarchus cinerascens,,flycatchers,,
great crested flycatcher,flycatchers,passeriformes,tyrannidae,myiarchus crinitus,,flycatchers,,
great kiskadee,flycatchers,passeriformes,tyrannidae,pitangus sulphuratus,,flycatchers,,
tropical kingbird,flycatchers,passeriformes,tyrannidae,tyrannus melancholicus,,flycatchers,,
couch's kingbird,flycatchers,passeriformes,tyrannidae,tyrannus couchii,,flycatchers,,
cassin's kingbird,flycatchers,passeriformes,tyrannidae,tyrannus vociferans,,flycatchers,,
western kingbird,flycatchers,passeriformes,tyrannidae,tyrannus verticalis,,flycatchers,,
eastern kingbird,flycatchers,passeriformes,tyrannidae,tyrannus tyrannus,,flycatchers,,
scissor-tailed flycatcher,flycatchers,passeriformes,tyrannidae,tyrannus forficatus,,flycatchers,,
loggerhead shrike,shrikes,passeriformes,laniidae,lanius ludovicianus,,shrikes,,
northern shrike,shrikes,passeriformes,laniidae,lanius borealis,,shrikes,,
black-capped vireo,vireos,passeriformes,vireonidae,vireo atricapilla,,vireos,,
white-eyed vireo,vireos,passeriformes,vireonidae,vireo griseus,,vireos,,
bell's vireo,vireos,passeriformes,vireonidae,vireo bellii,,vireos,,
gray vireo,vireos,passeriformes,vireonidae,vireo vicinior,,vireos,,
hutton's vireo,vireos,passeriformes,vireonidae,vireo huttoni,,vireos,,
yellow-throated vireo,vireos,passeriformes,vireonidae,vireo flavifrons,,vireos,,
cassin's vireo,vireos,passeriformes,vireonidae,vireo cassinii,,vireos,,
blue-headed vireo,vireos,passeriformes,vireonidae,vireo solitarius,,vireos,,
plumbeous vireo,vireos,passeriformes,vireonidae,vireo plumbeus,,vireos,,
philadelphia vireo,vireos,passeriformes,vireonidae,vireo philadelphicus,,vireos,,
warbling vireo,vireos,passeriformes,vireonidae,vireo gilvus,,vireos,,
red-eyed vireo,vireos,passeriformes,vireonidae,vireo olivaceus,,vireos,,
black-whiskered vireo,vireos,passeriformes,vireonidae,vireo altiloquus,,vireos,,
gray jay,jays,passeriformes,corvidae,perisoreus canadensis,,jays,,
green jay,jays,passeriformes,corvidae,cyanocorax yncas,,jays,,
pinyon jay,jays,passeriformes,corvidae,gymnorhinus cyanocephalus,,jays,,
steller's jay,jays,passeriformes,corvidae,cyanocitta stelleri,,jays,,
blue jay,jays,passeriformes,corvidae,cyanocitta cristata,,jays,,
florida scrub-jay,jays,passeriformes,corvidae,aphelocoma coerulescens,,jays,,
california scrub-jay,jays,passeriformes,corvidae,aphelocoma californica,,jays,,
woodhouse's scrub-jay,jays,passeriformes,corvidae,aphelocoma woodhouseii,,jays,,
mexican jay,jays,passeriformes,corvidae,aphelocoma wollweberi,,jays,,
black-billed magpie,magpies,passeriformes,corvidae,pica hudsonia,,magpies,,
yellow-billed magpie,magpies,passeriformes,corvidae,pica nuttalli,,magpies,,
clark's nutcracker,nutcrackers,passeriformes,corvidae,nucifraga columbiana,,nutcrackers,,
american crow,crows,passeriformes,corvidae,corvus brachyrhynchos,,crows,,
northwestern crow,crows,passeriformes,corvidae,corvus caurinus,,crows,,
fish crow,crows,passeriformes,corvidae,corvus ossifragus,,crows,,
chihuahuan raven,ravens,passeriformes,corvidae,corvus cryptoleucus,,ravens,,
common raven,ravens,passeriformes,corvidae,corvus corax,,ravens,,
horned lark,larks,passeriformes,alaudidae,eremophila alpestris,,larks,,
northern rough-winged swallow,swallows,passeriformes,hirundinidae,stelgidopteryx serripennis,,swifts & swallows,,
purple martin,swallows,passeriformes,hirundinidae,progne subis,,swifts & swallows,,
tree swallow,swallows,passeriformes,hirundinidae,tachycineta bicolor,,swifts & swallows,,
violet-green swallow,swallows,passeriformes,hirundinidae,tachycineta thalassina,,swifts & swallows,,
bank swallow,swallows,passeriformes,hirundinidae,riparia riparia,,swifts & swallows,,
barn swallow,swallows,passeriformes,hirundinidae,hirundo rustica,,swifts & swallows,,
cliff swallow,swallows,passeriformes,hirundinidae,petrochelidon pyrrhonota,,swifts & swallows,,
cave swallow,swallows,passeriformes,hirundinidae,petrochelidon fulva,,swifts & swallows,,
carolina chickadee,chickadees,passeriformes,paridae,poecile carolinensis,,chickadees,,
black-capped chickadee,chickadees,passeriformes,paridae,poecile atricapillus,,chickadees,,
mountain chickadee,chickadees,passeriformes,paridae,poecile gambeli,,chickadees,,
chestnut-backed chickadee,chickadees,passeriformes,paridae,poecile rufescens,,chickadees,,
boreal chickadee,chickadees,passeriformes,paridae,poecile hudsonicus,,chickadees,,
bridled titmouse,titmice,passeriformes,paridae,baeolophus wollweberi,,titmice,,
oak titmouse,titmice,passeriformes,paridae,baeolophus inornatus,,titmice,,
juniper titmouse,titmice,passeriformes,paridae,baeolophus ridgwayi,,titmice,,
tufted titmouse,titmice,passeriformes,paridae,baeolophus bicolor,,titmice,,
black-crested titmouse,titmice,passeriformes,paridae,baeolophus atricristatus,,titmice,,
verdin,verdins,passeriformes,remizidae,auriparus flaviceps,,verdins,,
bushtit,bushtits,passeriformes,aegithalidae,psaltriparus minimus,,bushtits,,
red-breasted nuthatch,nuthatches,passeriformes,sittidae,sitta canadensis,,nuthatches,,
white-breasted nuthatch,nuthatches,passeriformes,sittidae,sitta carolinensis,,nuthatches,,
pygmy nuthatch,nuthatches,passeriformes,sittidae,sitta pygmaea,,nuthatches,,
brown-headed nuthatch,nuthatches,passeriformes,sittidae,sitta pusilla,,nuthatches,,
brown creeper,creepers,passeriformes,certhiidae,certhia americana,,creepers,,
rock wren,wrens,passeriformes,troglodytidae,salpinctes obsoletus,,wrens,,
canyon wren,wrens,passeriformes,troglodytidae,catherpes mexicanus,,wrens,,
house wren,wrens,passeriformes,troglodytidae,troglodytes aedon,,wrens,,
pacific wren,wrens,passeriformes,troglodytidae,troglodytes pacificus,,wrens,,
winter wren,wrens,passeriformes,troglodytidae,troglodytes hiemalis,,wrens,,
sedge wren,wrens,passeriformes,troglodytidae,cistothorus platensis,,wrens,,
marsh wren,wrens,passeriformes,troglodytidae,cistothorus palustris,,wrens,,
carolina wren,wrens,passeriformes,troglodytidae,thryothorus ludovicianus,,wrens,,
bewick's wren,wrens,passeriformes,troglodytidae,thryomanes bewickii,,wrens,,
cactus wren,wrens,passeriformes,troglodytidae,campylorhynchus brunneicapillus,,wrens,,
blue-gray gnatcatcher,gnatcatchers,passeriformes,polioptilidae,polioptila caerulea,,gnatcatchers,,
black-tailed gnatcatcher,gnatcatchers,passeriformes,polioptilidae,polioptila melanura,,gnatcatchers,,
american dipper,dippers,passeriformes,cinclidae,cinclus mexicanus,,dippers,,
golden-crowned kinglet,kinglets,passeriformes,regulidae,regulus satrapa,,kinglets,,
ruby-crowned kinglet,kinglets,passeriformes,regulidae,regulus calendula,,kinglets,,
arctic warbler,old world warblers,passeriformes,phylloscopidae,phylloscopus borealis,,old world warblers,,
wrentit,wrentits,passeriformes,paradoxornithidae,chamaea fasciata,,wrentits,,
bluethroat,thrushes,passeriformes,muscicapidae,luscinia svecica,,thrushes,,
eastern bluebird,thrushes,passeriformes,turdidae,sialia sialis,,thrushes,,
western bluebird,thrushes,passeriformes,turdidae,sialia mexicana,,thrushes,,
mountain bluebird,thrushes,passeriformes,turdidae,sialia currucoides,,thrushes,,
townsend's solitaire,thrushes,passeriformes,turdidae,myadestes townsendi,,thrushes,,
veery,thrushes,passeriformes,turdidae,catharus fuscescens,,thrushes,,
gray-cheeked thrush,thrushes,passeriformes,turdidae,catharus minimus,,thrushes,,
bicknell's thrush,thrushes,passeriformes,turdidae,catharus bicknelli,,thrushes,,
swainson's thrush,thrushes,passeriformes,turdidae,catharus ustulatus,,thrushes,,
hermit thrush,thrushes,passeriformes,turdidae,catharus guttatus,,thrushes,,
wood thrush,thrushes,passeriformes,turdidae,hylocichla mustelina,,thrushes,,
american robin,thrushes,passeriformes,turdidae,turdus migratorius,,thrushes,,
varied thrush,thrushes,passeriformes,turdidae,ixoreus naevius,,thrushes,,
gray catbird,catbirds,passeriformes,mimidae,dumetella carolinensis,,catbirds,,
curve-billed thrasher,thrashers,passeriformes,mimidae,toxostoma curvirostre,,thrashers,,
brown thrasher,thrashers,passeriformes,mimidae,toxostoma rufum,,thrashers,,
long-billed thrasher,thrashers,passeriformes,mimidae,toxostoma longirostre,,thrashers,,
bendire's thrasher,thrashers,passeriformes,mimidae,toxostoma bendirei,,thrashers,,
california thrasher,thrashers,passeriformes,mimidae,toxostoma redivivum,,thrashers,,
leconte's thrasher,thrashers,passeriformes,mimidae,toxostoma lecontei,,thrashers,,
crissal thrasher,thrashers,passeriformes,mimidae,toxostoma crissale,,thrashers,,
sage thrasher,thrashers,passeriformes,mimidae,oreoscoptes montanus,,thrashers,,
northern mockingbird,mockingbirds,passeriformes,mimidae,mimus polyglottos,,mockingbirds,,
european starling,starlings,passeriformes,sturnidae,sturnus vulgaris,,starlings,,
american pipit,pipits,passeriformes,motacillidae,anthus rubescens,,pipits,,
sprague's pipit,pipits,passeriformes,motacillidae,anthus spragueii,,pipits,,
bohemian waxwing,waxwings,passeriformes,bombycillidae,bombycilla garrulus,,waxwings,,
cedar waxwing,waxwings,passeriformes,bombycillidae,bombycilla cedrorum,,waxwings,,
phainopepla,phainopepla,passeriformes,ptiliogonatidae,phainopepla nitens,,phainopepla,,
lapland longspur,longspurs,passeriformes,calcariidae,calcarius lapponicus,,longspurs,,
chestnut-collared longspur,longspurs,passeriformes,calcariidae,calcarius ornatus,,longspurs,,
smith's longspur,longspurs,passeriformes,calcariidae,calcarius pictus,,longspurs,,
mccown's longspur,longspurs,passeriformes,calcariidae,rhynchophanes mccownii,,longspurs,,
snow bunting,buntings,passeriformes,calcariidae,plectrophenax nivalis,,buntings,,
ovenbird,warblers,passeriformes,parulidae,seiurus aurocapilla,,warblers,,
worm-eating warbler,warblers,passeriformes,parulidae,helmitheros vermivorum,,warblers,,
louisiana waterthrush,warblers,passeriformes,parulidae,parkesia motacilla,,warblers,,
northern waterthrush,warblers,passeriformes,parulidae,parkesia noveboracensis,,warblers,,
golden-winged warbler,warblers,passeriformes,parulidae,vermivora chrysoptera,,warblers,,
blue-winged warbler,warblers,passeriformes,parulidae,vermivora cyanoptera,,warblers,,
black-and-white warbler,warblers,passeriformes,parulidae,mniotilta varia,,warblers,,
prothonotary warbler,warblers,passeriformes,parulidae,protonotaria citrea,,warblers,,
swainson's warbler,warblers,passeriformes,parulidae,limnothlypis swainsonii,,warblers,,
tennessee warbler,warblers,passeriformes,parulidae,oreothlypis peregrina,,warblers,,
orange-crowned warbler,warblers,passeriformes,parulidae,oreothlypis celata,,warblers,,
lucy's warbler,warblers,passeriformes,parulidae,oreothlypis luciae,,warblers,,
nashville warbler,warblers,passeriformes,parulidae,oreothlypis ruficapilla,,warblers,,
virginia's warbler,warblers,passeriformes,parulidae,oreothlypis virginiae,,warblers,,
connecticut warbler,warblers,passeriformes,parulidae,oporornis agilis,,warblers,,
macgillivray's warbler,warblers,passeriformes,parulidae,geothlypis tolmiei,,warblers,,
mourning warbler,warblers,passeriformes,parulidae,geothlypis philadelphia,,warblers,,
kentucky warbler,warblers,passeriformes,parulidae,geothlypis formosa,,warblers,,
common yellowthroat,warblers,passeriformes,parulidae,geothlypis trichas,,warblers,,
hooded warbler,warblers,passeriformes,parulidae,setophaga citrina,,warblers,,
american redstart,warblers,passeriformes,parulidae,setophaga ruticilla,,warblers,,
kirtland's warbler,warblers,passeriformes,parulidae,setophaga kirtlandii,,warblers,,
cape may warbler,warblers,passeriformes,parulidae,setophaga tigrina,,warblers,,
cerulean warbler,warblers,passeriformes,parulidae,setophaga cerulea,,warblers,,
northern parula,warblers,passeriformes,parulidae,setophaga americana,,warblers,,
magnolia warbler,warblers,passeriformes,parulidae,setophaga magnolia,,warblers,,
bay-breasted warbler,warblers,passeriformes,parulidae,setophaga castanea,,warblers,,
blackburnian warbler,warblers,passeriformes,parulidae,setophaga fusca,,warblers,,
yellow warbler,warblers,passeriformes,parulidae,setophaga petechia,,warblers,,
chestnut-sided warbler,warblers,passeriformes,parulidae,setophaga pensylvanica,,warblers,,
blackpoll warbler,warblers,passeriformes,parulidae,setophaga striata,,warblers,,
black-throated blue warbler,warblers,passeriformes,parulidae,setophaga caerulescens,,warblers,,
palm warbler,warblers,passeriformes,parulidae,setophaga palmarum,,warblers,,
pine warbler,warblers,passeriformes,parulidae,setophaga pinus,,warblers,,
yellow-rumped warbler,warblers,passeriformes,parulidae,setophaga coronata,,warblers,,
yellow-throated warbler,warblers,passeriformes,parulidae,setophaga dominica,,warblers,,
prairie warbler,warblers,passeriformes,parulidae,setophaga discolor,,warblers,,
grace's warbler,warblers,passeriformes,parulidae,setophaga graciae,,warblers,,
black-throated gray warbler,warblers,passeriformes,parulidae,setophaga nigrescens,,warblers,,
townsend's warbler,warblers,passeriformes,parulidae,setophaga townsendi,,warblers,,
hermit warbler,warblers,passeriformes,parulidae,setophaga occidentalis,,warblers,,
golden-cheeked warbler,warblers,passeriformes,parulidae,setophaga chrysoparia,,warblers,,
black-throated green warbler,warblers,passeriformes,parulidae,setophaga virens,,warblers,,
canada warbler,warblers,passeriformes,parulidae,cardellina canadensis,,warblers,,
wilson's warbler,warblers,passeriformes,parulidae,cardellina pusilla,,warblers,,
red-faced warbler,warblers,passeriformes,parulidae,cardellina rubrifrons,,warblers,,
painted redstart,warblers,passeriformes,parulidae,myioborus pictus,,warblers,,
rufous-winged sparrow,sparrows,passeriformes,passerellidae,peucaea carpalis,,sparrows,,
botteri's sparrow,sparrows,passeriformes,passerellidae,peucaea botterii,,sparrows,,
cassin's sparrow,sparrows,passeriformes,passerellidae,peucaea cassinii,,sparrows,,
grasshopper sparrow,sparrows,passeriformes,passerellidae,ammodramus savannarum,,sparrows,,
baird's sparrow,sparrows,passeriformes,passerellidae,ammodramus bairdii,,sparrows,,
henslow's sparrow,sparrows,passeriformes,passerellidae,ammodramus henslowii,,sparrows,,
leconte's sparrow,sparrows,passeriformes,passerellidae,ammodramus leconteii,,sparrows,,
nelson's sparrow,sparrows,passeriformes,passerellidae,ammodramus nelsoni,,sparrows,,
saltmarsh sparrow,sparrows,passeriformes,passerellidae,ammodramus caudacutus,,sparrows,,
seaside sparrow,sparrows,passeriformes,passerellidae,ammodramus maritimus,,sparrows,,
american tree sparrow,sparrows,passeriformes,passerellidae,spizelloides arborea,,sparrows,,
chipping sparrow,sparrows,passeriformes,passerellidae,spizella passerina,,sparrows,,
clay-colored sparrow,sparrows,passeriformes,passerellidae,spizella pallida,,sparrows,,
field sparrow,sparrows,passeriformes,passerellidae,spizella pusilla,,sparrows,,
brewer's sparrow,sparrows,passeriformes,passerellidae,spizella breweri,,sparrows,,
black-throated sparrow,sparrows,passeriformes,passerellidae,amphispiza bilineata,,sparrows,,
lark sparrow,sparrows,passeriformes,passerellidae,chondestes grammacus,,sparrows,,
lark bunting,sparrows,passeriformes,passerellidae,calamospiza melanocorys,,sparrows,,
fox sparrow,sparrows,passeriformes,passerellidae,passerella iliaca,,sparrows,,
dark-eyed junco,sparrows,passeriformes,passerellidae,junco hyemalis,,sparrows,,
white-crowned sparrow,sparrows,passeriformes,passerellidae,zonotrichia leucophrys,,sparrows,,
golden-crowned sparrow,sparrows,passeriformes,passerellidae,zonotrichia atricapilla,,sparrows,,
harris's sparrow,sparrows,passeriformes,passerellidae,zonotrichia querula,,sparrows,,
white-throated sparrow,sparrows,passeriformes,passerellidae,zonotrichia albicollis,,sparrows,,
sagebrush sparrow,sparrows,passeriformes,passerellidae,artemisiospiza nevadensis,,sparrows,,
bell's sparrow,sparrows,passeriformes,passerellidae,artemisiospiza belli,,sparrows,,
vesper sparrow,sparrows,passeriformes,passerellidae,pooecetes gramineus,,sparrows,,
savannah sparrow,sparrows,passeriformes,passerellidae,passerculus sandwichensis,,sparrows,,
song sparrow,sparrows,passeriformes,passerellidae,melospiza melodia,,sparrows,,
lincoln's sparrow,sparrows,passeriformes,passerellidae,melospiza lincolnii,,sparrows,,
swamp sparrow,sparrows,passeriformes,passerellidae,melospiza georgiana,,sparrows,,
canyon towhee,towhees,passeriformes,passerellidae,melozone fusca,,towhees,,
abert's towhee,towhees,passeriformes,passerellidae,melozone aberti,,towhees,,
california towhee,towhees,passeriformes,passerellidae,melozone crissalis,,towhees,,
rufous-crowned sparrow,sparrows,passeriformes,passerellidae,aimophila ruficeps,,sparrows,,
green-tailed towhee,towhees,passeriformes,passerellidae,pipilo chlorurus,,towhees,,
spotted towhee,towhees,passeriformes,passerellidae,pipilo maculatus,,towhees,,
eastern towhee,towhees,passeriformes,passerellidae,pipilo erythrophthalmus,,towhees,,
yellow-breasted chat,chats,passeriformes,icteriidae,icteria virens,,chats,,
hepatic tanager,cardinals,passeriformes,cardinalidae,piranga flava,,cardinals,,
summer tanager,cardinals,passeriformes,cardinalidae,piranga rubra,,cardinals,,
scarlet tanager,cardinals,passeriformes,cardinalidae,piranga olivacea,,cardinals,,
western tanager,cardinals,passeriformes,cardinalidae,piranga ludoviciana,,cardinals,,
northern cardinal,cardinals,passeriformes,cardinalidae,cardinalis cardinalis,,cardinals,,
pyrrhuloxia,cardinals,passeriformes,cardinalidae,cardinalis sinuatus,,cardinals,,
rose-breasted grosbeak,grosbeaks,passeriformes,cardinalidae,pheucticus ludovicianus,,grosbeaks,,
black-headed grosbeak,grosbeaks,passeriformes,cardinalidae,pheucticus melanocephalus,,grosbeaks,,
blue grosbeak,grosbeaks,passeriformes,cardinalidae,passerina caerulea,,grosbeaks,,
lazuli bunting,buntings,passeriformes,cardinalidae,passerina amoena,,buntings,,
indigo bunting,buntings,passeriformes,cardinalidae,passerina cyanea,,buntings,,
varied bunting,buntings,passeriformes,cardinalidae,passerina versicolor,,buntings,,
painted bunting,buntings,passeriformes,cardinalidae,passerina ciris,,buntings,,
dickcissel,dickcissel,passeriformes,cardinalidae,spiza americana,,dickcissel,,
yellow-headed blackbird,blackbirds,passeriformes,icteridae,xanthocephalus xanthocephalus,,blackbirds,,
bobolink,blackbirds,passeriformes,icteridae,dolichonyx oryzivorus,,blackbirds,,
western meadowlark,meadowlarks,passeriformes,icteridae,sturnella neglecta,,meadowlarks,,
eastern meadowlark,meadowlarks,passeriformes,icteridae,sturnella magna,,meadowlarks,,
orchard oriole,orioles,passeriformes,icteridae,icterus spurius,,orioles,,
hooded oriole,orioles,passeriformes,icteridae,icterus cucullatus,,orioles,,
bullock's oriole,orioles,passeriformes,icteridae,icterus bullockii,,orioles,,
spot-breasted oriole,orioles,passeriformes,icteridae,icterus pectoralis,,orioles,,
altamira oriole,orioles,passeriformes,icteridae,icterus gularis,,orioles,,
audubon's oriole,orioles,passeriformes,icteridae,icterus graduacauda,,orioles,,
baltimore oriole,orioles,passeriformes,icteridae,icterus galbula,,orioles,,
scott's oriole,orioles,passeriformes,icteridae,icterus parisorum,,orioles,,
red-winged blackbird,blackbirds,passeriformes,icteridae,agelaius phoeniceus,,blackbirds,,
tricolored blackbird,blackbirds,passeriformes,icteridae,agelaius tricolor,,blackbirds,,
shiny cowbird,blackbirds,passeriformes,icteridae,molothrus bonariensis,,blackbirds,,
bronzed cowbird,blackbirds,passeriformes,icteridae,molothrus aeneus,,blackbirds,,
brown-headed cowbird,blackbirds,passeriformes,icteridae,molothrus ater,,blackbirds,,
rusty blackbird,blackbirds,passeriformes,icteridae,euphagus carolinus,,blackbirds,,
brewer's blackbird,blackbirds,passeriformes,icteridae,euphagus cyanocephalus,,blackbirds,,
common grackle,blackbirds,passeriformes,icteridae,quiscalus quiscula,,blackbirds,,
boat-tailed grackle,blackbirds,passeriformes,icteridae,quiscalus major,,blackbirds,,
great-tailed grackle,blackbirds,passeriformes,icteridae,quiscalus mexicanus,,blackbirds,,
evening grosbeak,grosbeaks,passeriformes,fringillidae,coccothraustes vespertinus,,grosbeaks,,
pine grosbeak,finches,passeriformes,fringillidae,pinicola enucleator,,finches,,
gray-crowned rosy-finch,finches,passeriformes,fringillidae,leucosticte tephrocotis,,finches,,
black rosy-finch,finches,passeriformes,fringillidae,leucosticte atrata,,finches,,
brown-capped rosy-finch,finches,passeriformes,fringillidae,leucosticte australis,,finches,,
house finch,finches,passeriformes,fringillidae,haemorhous mexicanus,,finches,,
purple finch,finches,passeriformes,fringillidae,haemorhous purpureus,,finches,,
cassin's finch,finches,passeriformes,fringillidae,haemorhous cassinii,,finches,,
common redpoll,finches,passeriformes,fringillidae,acanthis flammea,,finches,,
hoary redpoll,finches,passeriformes,fringillidae,acanthis hornemanni,,finches,,
red crossbill,finches,passeriformes,fringillidae,loxia curvirostra,,finches,,
cassia crossbill,finches,passeriformes,fringillidae,loxia sinesciuris,,finches,,
white-winged crossbill,finches,passeriformes,fringillidae,loxia leucoptera,,finches,,
pine siskin,finches,passeriformes,fringillidae,spinus pinus,,finches,,
lesser goldfinch,finches,passeriformes,fringillidae,spinus psaltria,,finches,,
lawrence's goldfinch,finches,passeriformes,fringillidae,spinus lawrencei,,finches,,
american goldfinch,finches,passeriformes,fringillidae,spinus tristis,,finches,,
house sparrow,old world sparrows,passeriformes,passeridae,passer domesticus,,old world sparrows,,
eurasian tree sparrow,old world sparrows,passeriformes,passeridae,passer montanus,,old world sparrows,,
